{
    "utterances": [
        {
            "text": "cancel",
            "entities": [],
            "traits": [],
            "intent": "wit$cancel"
        },
        {
            "text": "start a time for 10 minutes",
            "entities": [],
            "traits": [],
            "intent": "wit$create_timer"
        },
        {
            "text": "start a timer for 10 min",
            "entities": [],
            "traits": [],
            "intent": "wit$create_timer"
        }
    ]
}
