{
    "utterances": [
        {
            "text": "Echo",
            "entities": [
                {
                    "entity": "wake_word:wake_word",
                    "start": 0,
                    "end": 4,
                    "body": "Echo",
                    "entities": []
                }
            ],
            "traits": [],
            "intent": "wake_word"
        },
        {
            "text": "Find my keys",
            "entities": [
                {
                    "entity": "Find_Object:Find_Object",
                    "start": 0,
                    "end": 4,
                    "body": "Find",
                    "entities": []
                },
                {
                    "entity": "object:object",
                    "start": 8,
                    "end": 12,
                    "body": "keys",
                    "entities": []
                }
            ],
            "traits": [],
            "intent": "cancel"
        },
        {
            "text": "I can't find my controller",
            "entities": [
                {
                    "entity": "Find_Object:Find_Object",
                    "start": 2,
                    "end": 12,
                    "body": "can't find",
                    "entities": []
                },
                {
                    "entity": "object:object",
                    "start": 15,
                    "end": 26,
                    "body": " controller",
                    "entities": []
                }
            ],
            "traits": [],
            "intent": "wake_word"
        },
        {
            "text": "never mind",
            "entities": [
                {
                    "entity": "Never_mind:Never_mind",
                    "start": 0,
                    "end": 10,
                    "body": "never mind",
                    "entities": []
                }
            ],
            "traits": [],
            "intent": "wit$cancel"
        },
        {
            "text": "save my keys location",
            "entities": [
                {
                    "entity": "save_location:save_location",
                    "start": 0,
                    "end": 4,
                    "body": "save",
                    "entities": []
                }
            ],
            "traits": [],
            "intent": "save_anchor"
        },
        {
            "text": "where are my glasses",
            "entities": [
                {
                    "entity": "Find_Object:Find_Object",
                    "start": 13,
                    "end": 20,
                    "body": "glasses",
                    "entities": []
                }
            ],
            "traits": [],
            "intent": "wake_word"
        }
    ]
}
