{
    "name": "location",
    "roles": [
        "save_location"
    ],
    "lookups": [
        "keywords"
    ],
    "keywords": [
        {
            "keyword": "anchor",
            "synonyms": [
                "anchor",
                "location",
                "spot"
            ]
        },
        {
            "keyword": "location",
            "synonyms": [
                "location"
            ]
        },
        {
            "keyword": "on the counter",
            "synonyms": [
                "on the counter"
            ]
        },
        {
            "keyword": "save",
            "synonyms": [
                "remember location",
                "remember place",
                "save"
            ]
        }
    ]
}
