{
    "name": "Find_Object",
    "roles": [
        "Find_Object"
    ],
    "lookups": [
        "keywords"
    ],
    "keywords": [
        {
            "keyword": "controller",
            "synonyms": [
                "controller"
            ]
        },
        {
            "keyword": "find",
            "synonyms": [
                "can't find",
                "find"
            ]
        },
        {
            "keyword": "glasses",
            "synonyms": [
                "glasses"
            ]
        },
        {
            "keyword": "keys",
            "synonyms": [
                "keys"
            ]
        }
    ]
}
